Model,Accuracy,Precision,Recall,F1-Score,ROC-AUC
Majority-Class Baseline,0.7605859182668636,0.5784909390658481,0.7605859182668636,0.6571572941300358,0.5
Logistic Regression,0.844903988183161,0.8379259431453,0.844903988183161,0.8393726168382958,0.8986255897847881
Decision Tree (depth=5),0.8495814869522402,0.8422100240472281,0.8495814869522402,0.8420979058264618,0.8863335199953736
SVM (RBF kernel),0.8557976366322009,0.8492839974845182,0.8557976366322009,0.8493959503964221,0.8952720904331821
Random Forest (n=200),0.8476120137863121,0.8421886053435733,0.8476120137863121,0.8438732829626718,0.8936458320765541
XGBoost (n=300),0.8668759231905465,0.8632916963047447,0.8668759231905465,0.8644862667867379,0.9229989128946997
Soft Voting Ensemble,0.8649064500246184,0.8600963543758975,0.8649064500246184,0.861126513663227,0.9200257963888798
